"id","created_at","source","original_text","lang","favorite_count","retweet_count","original_author","hashtags","user_mentions"
"1245796189372637184","Thu Apr 02 19:32:11 +0000 2020","<a href=""https://mobile.twitter.com"" rel=""nofollow"">Twitter Web App</a>","Coronavirus en Per√∫: se increment√≥ a 55 la cifra de muertos por COVID-19, inform√≥ el Minsa https://t.co/hM8Pt9Kxih","es","0","0","Lima_ECpe","",""
"1245796180904357890","Thu Apr 02 19:32:09 +0000 2020","<a href=""http://twitter.com/download/android"" rel=""nofollow"">Twitter for Android</a>","RT @astursalud: üìå ACTUALIZACI√ìN SITUACI√ìN #COVID19  #Asturias
Casos positivos: 1.433 (*)
Casos activos: 1.209
Curaciones: 154 (*)
Fallecim‚Ä¶","es","0","25","egcvx","COVID19, Asturias","astursalud"
"1245796172557664256","Thu Apr 02 19:32:07 +0000 2020","<a href=""http://twitter.com/download/iphone"" rel=""nofollow"">Twitter for iPhone</a>","RT @lucas___marco: √âste es el doctor Drake Ramoray, licenciado en epidemiologia, actualmente, se encuentra trabajando en una cura contra el‚Ä¶","es","0","5","andreabds25","","lucas___marco"
"1245796164064153606","Thu Apr 02 19:32:05 +0000 2020","<a href=""http://twitter.com/download/android"" rel=""nofollow"">Twitter for Android</a>","RT @TelediarioEC: #TelediarioEC | El hospital 'Isidro Ayora' en Loja dio el alta a tres pacientes de #coronavirus #Covid_19. V√≠a telef√≥nica‚Ä¶","es","0","23","diana_Lop27","TelediarioEC, coronavirus, Covid_19","TelediarioEC"
"1245796155352666114","Thu Apr 02 19:32:03 +0000 2020","<a href=""http://twitter.com/download/iphone"" rel=""nofollow"">Twitter for iPhone</a>","PARAGUAYO JUNTOS üáπüáº Y CON USTEDES üáµüáæ vamos a luchar para tratar de aguantar este golpe ! Conf√≠o que se est√°n hacien‚Ä¶ https://t.co/Sxl5f6BiRF","es","0","314","jjbernall","",""
"1245796147391680512","Thu Apr 02 19:32:01 +0000 2020","<a href=""http://twitter.com/download/iphone"" rel=""nofollow"">Twitter for iPhone</a>","RT @beltrandelrio: Hay tres cosas que los l√≠deres populistas detestan y este tipo de crisis del Covid-19 revaloriza: el saber experto, las‚Ä¶","es","0","3","1973Asantos","","beltrandelrio"
"1245796139057766400","Thu Apr 02 19:31:59 +0000 2020","<a href=""http://twitter.com/download/android"" rel=""nofollow"">Twitter for Android</a>","RT @RTultimahora: √öLTIMA HORA: Un mill√≥n de personas, contagiadas con covid-19 en todo el mundo https://t.co/7oMrfPaIRG https://t.co/jNajIP‚Ä¶","es","0","5","olive_bildad","","RTultimahora"
"1245796130543349760","Thu Apr 02 19:31:57 +0000 2020","<a href=""http://twitter.com/download/android"" rel=""nofollow"">Twitter for Android</a>","Me parece a mi que tantos pol√≠ticos de todos los colores quieren salir en la foto de la crisis del #COVID19 que al‚Ä¶ https://t.co/sOvZyjefLx","es","0","1","ang_marfab","COVID19",""
"1245796121919795202","Thu Apr 02 19:31:55 +0000 2020","<a href=""http://twitter.com/download/android"" rel=""nofollow"">Twitter for Android</a>","RT @JhonWick77: La Nueva Santa De la #Izquierdademierda
La due√±a de la verdad,la √∫nica capaz de Solucionar y sanar del #coronavirus La ""DI‚Ä¶","es","0","165","GerardoSaavedra","Izquierdademierda, coronavirus","JhonWick77"
"1245796113912745985","Thu Apr 02 19:31:53 +0000 2020","<a href=""http://twitter.com/download/android"" rel=""nofollow"">Twitter for Android</a>","RT @HLGatell: En cuanto al equipamiento e insumos para la atenci√≥n de pacientes por #COVID19 aseguramos que hay suficiencia. Tenemos ventil‚Ä¶","es","0","165","J_Torres_J","COVID19","HLGatell"
"1245796105327124482","Thu Apr 02 19:31:51 +0000 2020","<a href=""http://twitter.com/download/android"" rel=""nofollow"">Twitter for Android</a>","RT @ConElMazoDando: ¬°Ent√©rate! Suspenderan pagos de cr√©ditos hipotecarios por adquisici√≥n de viviendas (+Covid-19) https://t.co/ZRyDwsENOB‚Ä¶","es","0","1","ANDREIN76699681","","ConElMazoDando"
"1245796096686817282","Thu Apr 02 19:31:49 +0000 2020","<a href=""http://twitter.com/download/android"" rel=""nofollow"">Twitter for Android</a>","RT @mexevalua: En corto, la diputada @PerezSoraya exhorta al Ejecutivo a decretar beneficios fiscales para los contribuyentes. ¬øCu√°les? Pla‚Ä¶","es","0","5443","carlos_on_twtt","","mexevalua, PerezSoraya"
"1245796088415690759","Thu Apr 02 19:31:47 +0000 2020","<a href=""http://twitter.com/download/android"" rel=""nofollow"">Twitter for Android</a>","RT @Meduxat1: Si tuvieran que sacrificar un ex presidente para salvarnos de covid-19 cual ser√≠a..y porque Macri?","es","0","3361","rel_dub","","Meduxat1"
"1245796080308178944","Thu Apr 02 19:31:45 +0000 2020","<a href=""http://twitter.com/download/android"" rel=""nofollow"">Twitter for Android</a>","JAJAJAJAJA BAUTISMOS EN TIEMPOS DE #coronavirus https://t.co/pA0wqxRdLR","es","0","0","Mary_Lopez21","coronavirus",""
"1245796071407792129","Thu Apr 02 19:31:43 +0000 2020","<a href=""http://twitter.com/download/android"" rel=""nofollow"">Twitter for Android</a>","RT @reinablancomg: Ahi vas a ver a la gente huir de las playas y eventos cuando se desmaye un contagiado de covid 19 en mera tarima con dim‚Ä¶","es","0","9","radfeminadia","","reinablancomg"
"1245796063513989120","Thu Apr 02 19:31:41 +0000 2020","<a href=""http://twitter.com/download/iphone"" rel=""nofollow"">Twitter for iPhone</a>","Acciones para mitigar los daos en la Industria y Activar la econom√≠a a causa del #COVID19

#CANIRAC https://t.co/KiAo1R6ooe","es","0","69","CaniracDgo","COVID19, CANIRAC",""
"1245796055083634689","Thu Apr 02 19:31:39 +0000 2020","<a href=""https://mobile.twitter.com"" rel=""nofollow"">Twitter Web App</a>","RT @RoaJavier: La pandemia del #coronavirus ha revelado quien es quien en cuanto a solidaridad y humanismo.
Por una lado #EEUU y el Vatica‚Ä¶","es","0","6352","warmiclau","coronavirus, EEUU","RoaJavier"
"1245796046854389764","Thu Apr 02 19:31:37 +0000 2020","<a href=""http://twitter.com/download/android"" rel=""nofollow"">Twitter for Android</a>","RT @NTN24ve: #ECUADOR Un hombre llora a las afueras de un hospital en Guayaquil porque a su padre no lo quieren recibir a pesar de que pres‚Ä¶","es","0","104","cristccs","ECUADOR","NTN24ve"
"1245796038050447361","Thu Apr 02 19:31:35 +0000 2020","<a href=""http://twitter.com/download/android"" rel=""nofollow"">Twitter for Android</a>","RT @Noticias_crc: üìΩüÜòÔ∏èüÜòÔ∏èüÜòÔ∏è #Ecuador
#coronavirus
üõë Lenin Moreno sin capacidad para enfrentar esta pandemia, las cosas est√°n peor cada d√≠a.‚Ä¶","es","0","127","GastonMatiasOr1","Ecuador, coronavirus","Noticias_crc"
"1245796030064582656","Thu Apr 02 19:31:33 +0000 2020","<a href=""http://twitter.com/download/android"" rel=""nofollow"">Twitter for Android</a>","RT @_mariajose1: En plena crisis del covid-19 y los pol√≠ticos del siglo XX, todav√≠a se aprovechan de cada desgracia para sacar raja.","es","0","174","HdezEfra503","","_mariajose1"
"1245796021499834368","Thu Apr 02 19:31:31 +0000 2020","<a href=""https://mobile.twitter.com"" rel=""nofollow"">Twitter Web App</a>","RT @KWCONTINENTE: #NacionalesKW Privados de libertad del centro de detenci√≥n Tinajitas reciben √∫tiles de aseo personal y de limpieza, dentr‚Ä¶","es","0","0","ARACELISGIRALDE","NacionalesKW","KWCONTINENTE"
"1245796012419100675","Thu Apr 02 19:31:29 +0000 2020","<a href=""http://twitter.com/download/iphone"" rel=""nofollow"">Twitter for iPhone</a>","RT @CuadraLab: El sector tur√≠stico espa√±ol reclama medidas urgentes al Gobierno para una industria que representa el 12,5% del PIB y el 13%‚Ä¶","es","0","2","ObserBlockchain","","CuadraLab"
"1245796004638703617","Thu Apr 02 19:31:27 +0000 2020","<a href=""http://twitter.com/download/android"" rel=""nofollow"">Twitter for Android</a>","RT @OnceNoticiasTV: ‚úÖ ‚≠ï Esta noche en #OnceNoticias, conoce la informaci√≥n m√°s reciente sobre el #Coronavirus #Covid19 durante la conferenc‚Ä¶","es","0","5","CanalOnceTV","OnceNoticias, Coronavirus, Covid19","OnceNoticiasTV"
"1245795996363358213","Thu Apr 02 19:31:25 +0000 2020","<a href=""http://twitter.com/download/android"" rel=""nofollow"">Twitter for Android</a>","RT @ElpremaArturo: El presidente del banco Santander falleci√≥ a consecuencia del covid-19. Su hija expres√≥ "" somos adinerados, pero mi pap√°‚Ä¶","es","0","11","RRjuridica","","ElpremaArturo"
"1245795988050231297","Thu Apr 02 19:31:23 +0000 2020","<a href=""https://mobile.twitter.com"" rel=""nofollow"">Twitter Web App</a>","RT @ConElMazoDando: ¬°A corto plazo! Presidente Maduro: ""En abril  se habr√° superado etapa de contenci√≥n del Covid-19"" https://t.co/NnPBkRrY‚Ä¶","es","0","1","joelsalazar98","","ConElMazoDando"
"1245795979401531393","Thu Apr 02 19:31:21 +0000 2020","<a href=""http://twitter.com/download/android"" rel=""nofollow"">Twitter for Android</a>","RT @PedroMCasals: De AYER para HOY en portal de licitaciones del gobierno de Rep√∫blica Dominicanaüá©üá¥, verifico que figura oferta de compra p‚Ä¶","es","0","0","angelbautistav","","PedroMCasals"
"1245795971356856320","Thu Apr 02 19:31:19 +0000 2020","<a href=""http://twitter.com/download/iphone"" rel=""nofollow"">Twitter for iPhone</a>","Y hay gente que piensa que este mequetrefe est√° liderando la respuesta al COVID-19. Qu√© asco me da √©l y qu√© pena qu‚Ä¶ https://t.co/XZt54u8RpO","es","0","17","ende__neu","",""
"1245795962704015366","Thu Apr 02 19:31:17 +0000 2020","<a href=""http://twitter.com"" rel=""nofollow"">Twitter Web Client</a>","Presidente de Panam√° invoca la unidad mundial y la ciencia contra la COVID-19 https://t.co/j6dupaKcx3","es","1","0","EFE_ACENTRAL","",""
"1245795953216552962","Thu Apr 02 19:31:15 +0000 2020","<a href=""https://mobile.twitter.com"" rel=""nofollow"">Twitter Web App</a>","RT @AntonGomezReino: Hora de frear a m√°quina de odio e mentiras, de bulos e fakenews  contra a democracia.

‚ÄúUnidas Podemos denuncia ante l‚Ä¶","es","0","2","manuelfherrador","","AntonGomezReino"
"1245811162031239170","Thu Apr 02 20:31:41 +0000 2020","<a href=""http://twitter.com/download/android"" rel=""nofollow"">Twitter for Android</a>","RT @ChalecosAmarill: üìΩ‚ò£ #Coronavirus #Espa√±a üá™üá∏ Spanish Revolution ‚úäüèº

üëâMargarita Salas nunca recibi√≥ el Pr√≠ncipe de Asturias

üõëLos que de‚Ä¶","es","0","18","01Ecuador","Coronavirus, Espa√±a","ChalecosAmarill"
"1245811154410188806","Thu Apr 02 20:31:39 +0000 2020","<a href=""https://mobile.twitter.com"" rel=""nofollow"">Twitter Web App</a>","RT @liebisindahouse: üö®üö®üö®üö®‚ö†Ô∏è

¬øCu√°l presidente ha actuado con mayor ineptitud, irresponsabilidad, imprudencia,  ante el #COVID19 ?

¬øOtro?‚Ä¶","es","0","938","vrichante01","COVID19","liebisindahouse"
"1245811146210369539","Thu Apr 02 20:31:37 +0000 2020","<a href=""http://twitter.com/download/android"" rel=""nofollow"">Twitter for Android</a>","RT @AndresCanoESP: Y mientras tanto en #ecuador sufren las consecuencias de haber sufrido un sistema sanitario implantado por los narcos co‚Ä¶","es","0","482","motica8","ecuador","AndresCanoESP"
"1245811137905676289","Thu Apr 02 20:31:35 +0000 2020","<a href=""https://mobile.twitter.com"" rel=""nofollow"">Twitter Web App</a>","RT @josetorohardy: SIP: Venezuela, Nicaragua y Cuba impiden a periodistas cubrir el COVID-19

Read more here: https://t.co/VCIEdQyMNH","es","0","3","CarlosDTrujillo","","josetorohardy"
"1245811129529614343","Thu Apr 02 20:31:33 +0000 2020","<a href=""http://twitter.com/download/android"" rel=""nofollow"">Twitter for Android</a>","RT @ConElMazoDando: ¬øQu√© hace Len√≠n Moreno? As√≠ el Covid-19 y el neoliberalismo est√°n acabando con Guayaquil https://t.co/QiO0iMRsIP  #Abri‚Ä¶","es","0","1704","luismarin232","","ConElMazoDando"
"1245811120373366784","Thu Apr 02 20:31:31 +0000 2020","<a href=""http://twitter.com/download/iphone"" rel=""nofollow"">Twitter for iPhone</a>","RT @Ernesto1931: Tras la cantaleta que repet√≠an pa√≠ses como Colombia y otros, de ""no queremos parecernos a Venezuela"", las dificultades que‚Ä¶","es","0","1","lourdes_cris","","Ernesto1931"
"1245811112576200706","Thu Apr 02 20:31:29 +0000 2020","<a href=""http://twitter.com/download/iphone"" rel=""nofollow"">Twitter for iPhone</a>","RT @Luisjasalazar1: ¬°Buenas noticias!

. @SSaludChiapas informa que NO se presentaron casos nuevos de #Coronavirus todas las pruebas de aye‚Ä¶","es","0","66","robertZenteno","Coronavirus","Luisjasalazar1, SSaludChiapas"
"1245811104388919301","Thu Apr 02 20:31:27 +0000 2020","<a href=""http://twitter.com/download/android"" rel=""nofollow"">Twitter for Android</a>","RT @GBFernandezA: #EnAudio CJ @NicolasMaduro: Fuimos el 1er pa√≠s del mundo en tomar la medida de cuarentena y si no la hubi√©ramos tomado, p‚Ä¶","es","0","19","21Gaes","EnAudio","GBFernandezA, NicolasMaduro"
"1245811095899648012","Thu Apr 02 20:31:25 +0000 2020","<a href=""http://twitter.com/#!/download/ipad"" rel=""nofollow"">Twitter for iPad</a>","RT @Armada_esp: Tras todo el d√≠a ayudando a los profesionales del hospital de #LaL√≠neaDeLaConcepci√≥n en tareas de limpieza, hoy ellos han q‚Ä¶","es","0","91","fildanfy1","LaL√≠neaDeLaConcepci√≥n","Armada_esp"
"1245811087532085248","Thu Apr 02 20:31:23 +0000 2020","<a href=""http://twitter.com/download/android"" rel=""nofollow"">Twitter for Android</a>","RT @elmundoes: #√öltimaHora sobre el coronavirus ‚≠ï Los casos de Covid-19 en el mundo superan el mill√≥n, con Italia y Espa√±a a la cabeza en m‚Ä¶","es","0","0","azul_oreiro","√öltimaHora","elmundoes"
"1245811079109902336","Thu Apr 02 20:31:21 +0000 2020","<a href=""http://twitter.com/download/android"" rel=""nofollow"">Twitter for Android</a>","RT @vanesavallejo3: El presidente de Filipinas, Rodrigo Duterte, ha ordenado a las fuerzas de la ley ""disparar a matar"" a aquellas personas‚Ä¶","es","0","22","VforVenezuela_","","vanesavallejo3"
"1245811070599561219","Thu Apr 02 20:31:19 +0000 2020","<a href=""http://twitter.com/download/android"" rel=""nofollow"">Twitter for Android</a>","RT @Bessy_Rios: Informa @NYGovCuomo que todos los municipios del Estado de NY tienen presencia de #COVID19
Y este dia amanecen con 8650 nue‚Ä¶","es","0","0","CatalinaGiron95","COVID19","Bessy_Rios, NYGovCuomo"
"1245811061946757126","Thu Apr 02 20:31:17 +0000 2020","<a href=""http://twitter.com/download/android"" rel=""nofollow"">Twitter for Android</a>","RT @lucas___marco: √âste es el doctor Drake Ramoray, licenciado en epidemiologia, actualmente, se encuentra trabajando en una cura contra el‚Ä¶","es","0","2","jennstyle_","","lucas___marco"
"1245811053709144069","Thu Apr 02 20:31:15 +0000 2020","<a href=""http://twitter.com/download/android"" rel=""nofollow"">Twitter for Android</a>","RT @Yolanda_Diaz_: Hoy hemos conocido los datos de desempleo de marzo. Son cifras excepcionalmente altas en el c√≥mputo mensual, debido a la‚Ä¶","es","0","10","abocca73","","Yolanda_Diaz_"
"1245811045383450633","Thu Apr 02 20:31:13 +0000 2020","<a href=""http://twitter.com/download/android"" rel=""nofollow"">Twitter for Android</a>","RT @rennoaltocampoo: Batet propone donar a la lucha contra la covid-19 el ahorro por el descenso de la actividad del Congreso https://t.co/‚Ä¶","es","0","56","car_mcarmen","","rennoaltocampoo"
"1245811037271740417","Thu Apr 02 20:31:11 +0000 2020","<a href=""http://twitter.com/download/android"" rel=""nofollow"">Twitter for Android</a>","RT @GNB_TRUJILLOGDP: #EnAudio üéôÔ∏è | @NicolasMaduro: Fuimos el primer pa√≠s del mundo en tomar la medida de cuarentena y si no la hubi√©ramos t‚Ä¶","es","0","321","21Gaes","EnAudio","GNB_TRUJILLOGDP, NicolasMaduro"
"1245811028761415680","Thu Apr 02 20:31:09 +0000 2020","<a href=""http://publicize.wp.com/"" rel=""nofollow"">WordPress.com</a>","SALTILLO PRESENTE EN SUBCOMIT√â T√âCNICO COVID-19
El d√≠a de ayer se reuni√≥ el Subcomit√© T√©cnico COVID-19 del sureste‚Ä¶ https://t.co/KFotFBgWsb","es","0","0","ATiempoTv","",""
"1245811019848585216","Thu Apr 02 20:31:07 +0000 2020","<a href=""http://twitter.com/download/android"" rel=""nofollow"">Twitter for Android</a>","RT @TPU19J: #2Abril Testimonio de un padre de familia en Bolivia, encarcelado en condiciones inhumanas por buscar alimento para sus familia‚Ä¶","es","0","0","01Ecuador","2Abril","TPU19J"
"1245811011954892800","Thu Apr 02 20:31:05 +0000 2020","<a href=""http://twitter.com/download/android"" rel=""nofollow"">Twitter for Android</a>","#COVID19Ecuador
#COVID19 ü¶†
El #odio, el fanatismo ni las #FakeNews no le hace bien a nadie
#todoscontracovid‚Ä¶ https://t.co/ablPNylfOJ","es","0","250","AngelAmoresEc","COVID19Ecuador, COVID19, odio, FakeNews, todoscontracovid",""
"1245811003578880001","Thu Apr 02 20:31:03 +0000 2020","<a href=""http://www.socialflow.com"" rel=""nofollow"">SocialFlow</a>","Los pacientes recuperados de covid-19 pueden ser la clave para salvar la vida de otros https://t.co/Pmq3TjwLcw","es","0","35","bbcmundo","",""
"1245810995328692224","Thu Apr 02 20:31:01 +0000 2020","<a href=""http://twitter.com/download/android"" rel=""nofollow"">Twitter for Android</a>","RT @CarlosB26041985: Indignante lo que ocurre en #Ecuador, los cuerpos de las v√≠ctimas de la COVID-19, son abandonados o incinerados en las‚Ä¶","es","0","6","ReydelJerez","Ecuador","CarlosB26041985"
"1245810986948452353","Thu Apr 02 20:30:59 +0000 2020","<a href=""http://twitter.com/download/android"" rel=""nofollow"">Twitter for Android</a>","RT @RNVinformativa: Venezuela donar√° dos m√°quinas para detectar Covid-19 a Colombia https://t.co/ZMLeqYIlfc  #YoSoyDeAqui https://t.co/rG12‚Ä¶","es","0","967","shangoncita4","YoSoyDeAqui","RNVinformativa"
"1245810978496884749","Thu Apr 02 20:30:57 +0000 2020","<a href=""http://twitter.com/download/iphone"" rel=""nofollow"">Twitter for iPhone</a>","RT @alemache11: Se acaba de caer ig y no tengo donde mas dar a conocer estas historias de personas que la est√°n pasando mal debido al covid‚Ä¶","es","0","0","juanpablom38","","alemache11"
"1245810969885863937","Thu Apr 02 20:30:55 +0000 2020","<a href=""https://mobile.twitter.com"" rel=""nofollow"">Twitter Web App</a>","Investigadores de las Facultades de Comunicaci√≥n @UMU @InfoUMA @Nebrija y @utpl trabajan en el an√°lisis de la gesti‚Ä¶ https://t.co/i4tQYiplUc","es","1","1","ObservacomU","","UMU, InfoUMA, Nebrija, utpl"
"1245810961757417476","Thu Apr 02 20:30:53 +0000 2020","<a href=""http://twitter.com/download/android"" rel=""nofollow"">Twitter for Android</a>","RT @ChinaEmbEsp: Preciosa ilustraci√≥n de la dise√±adora #china Coco Wang (Instagram: @cocowcomic). Abrazos de nuestros queridos pandas para‚Ä¶","es","0","237","abocca73","china","ChinaEmbEsp"
"1245810953003782146","Thu Apr 02 20:30:51 +0000 2020","<a href=""http://twitter.com/download/iphone"" rel=""nofollow"">Twitter for iPhone</a>","Protesta personal de Centro M√©dico la Raza por carencias ante Covid 19 https://t.co/SOxVac6ypH ah√≠ nom√°s se los dej‚Ä¶ https://t.co/CWtdYBg8Jc","es","0","53","samirahernandez","",""
"1245810944686600193","Thu Apr 02 20:30:49 +0000 2020","<a href=""http://twitter.com/download/android"" rel=""nofollow"">Twitter for Android</a>","Ya se super√≥ el mill√≥n de casos de #coronavirus a nivel mundial, seg√∫n el conteo de la universidad Johns Hopkins. https://t.co/UFYdxU3JDb","es","0","31","AldoaguileraL","coronavirus",""
"1245810936557924368","Thu Apr 02 20:30:47 +0000 2020","<a href=""http://twitter.com/download/android"" rel=""nofollow"">Twitter for Android</a>","RT @tctelevision: üî¥ #IMPORTANTE: ""Creemos que ser√°n entre 1500 y 2500 fallecidas por Covid-19 en estos meses, solo en la provincia del Guay‚Ä¶","es","0","2","Lauri_Sanchez06","IMPORTANTE","tctelevision"
"1245810927808794624","Thu Apr 02 20:30:45 +0000 2020","<a href=""http://twitter.com/download/android"" rel=""nofollow"">Twitter for Android</a>","RT @EcuavisaInforma: üî¥ ATENCI√ìN | #COVID19 | En cadena nacional, el presidente #Moreno reconoci√≥ que la realidad supera el n√∫mero de prueba‚Ä¶","es","0","40","Lauri_Sanchez06","COVID19, Moreno","EcuavisaInforma"
"1245810919726362625","Thu Apr 02 20:30:43 +0000 2020","<a href=""http://twitter.com/download/android"" rel=""nofollow"">Twitter for Android</a>","RT @geroabai: üëâüèª Geroa Bai reitera su compromiso con el #empleo de calidad y trabaja en medidas econ√≥micas para frenar los efectos de la cr‚Ä¶","es","0","0","Martintxonea","empleo","geroabai"
"1245803426577031168","Thu Apr 02 20:00:57 +0000 2020","<a href=""http://twitter.com/download/android"" rel=""nofollow"">Twitter for Android</a>","RT @sanchezcastejon: Estos d√≠as de aislamiento resultan especialmente duros para las personas con #TEA. Quiero enviarles todo el apoyo y ag‚Ä¶","es","0","84","ana_abelleira","TEA","sanchezcastejon"
"1245803420348321792","Thu Apr 02 20:00:55 +0000 2020","<a href=""http://twitter.com/download/android"" rel=""nofollow"">Twitter for Android</a>","RT @Reforma: Pese al llamado de autoridades sanitarias para mantener sana distancia por #Covid_19, as√≠ luci√≥ la estaci√≥n Pantitl√°n del @Met‚Ä¶","es","0","57","TotoStone7","Covid_19","Reforma"
"1245803411808882689","Thu Apr 02 20:00:53 +0000 2020","<a href=""http://twitter.com/download/iphone"" rel=""nofollow"">Twitter for iPhone</a>","RT @seg2020rd: Te aportamos una v√≠a de comunicaci√≥n f√°cil, directa y eficiente. A trav√©s de #CoronaBot recibir√°s toda la informaci√≥n que ne‚Ä¶","es","0","11","Jessytbeauty","CoronaBot","seg2020rd"
"1245803403630071809","Thu Apr 02 20:00:51 +0000 2020","<a href=""https://mobile.twitter.com"" rel=""nofollow"">Twitter Web App</a>","@ColBolivariana si sacrificamos a petro no solo se acaba el covid-19 para este resto de siglo si no que no se prese‚Ä¶ https://t.co/PBaYFIsnm5","es","0","2","arango102","","ColBolivariana"
"1245803395061100544","Thu Apr 02 20:00:49 +0000 2020","<a href=""https://www.later.com"" rel=""nofollow"">LaterMedia</a>","No te estreses con tanta informaci√≥n del COVID-19, sigue las recomendaciones y c√≥gela suave: Llamado a la serenidad‚Ä¶ https://t.co/sw0mkYfU5j","es","0","0","asawaa_","",""
"1245803386664112129","Thu Apr 02 20:00:47 +0000 2020","<a href=""http://twitter.com/download/android"" rel=""nofollow"">Twitter for Android</a>","RT @chematierra: AHORA:
#coronavirus #COVID„Éº19
El mundo acaba de superar el mill√≥n de infectados y m√°s de 50,000 fallecidos, la mejor vacu‚Ä¶","es","0","5","6ar0","coronavirus, COVID„Éº19","chematierra"
"1245803378434887681","Thu Apr 02 20:00:45 +0000 2020","<a href=""http://twitter.com/download/android"" rel=""nofollow"">Twitter for Android</a>","RT @pvallin: Unidas Podemos propone reforma del reglamento del Congreso para periodos excepcionales de actividad telem√°tica. Huele a que lo‚Ä¶","es","0","505","pintax99","","pvallin"
"1245803369891082240","Thu Apr 02 20:00:43 +0000 2020","<a href=""https://www.hootsuite.com"" rel=""nofollow"">Hootsuite Inc.</a>","Sube a 1940 la cifra de muertos solo en Nueva York, EE. UU. por COVID-19 | Hoy Mismo
-
#Destacado #ColorVision https://t.co/706hRJ5IVc","es","0","0","ColorVisionC9","Destacado, ColorVision",""
"1245803361611456519","Thu Apr 02 20:00:41 +0000 2020","<a href=""https://mobile.twitter.com"" rel=""nofollow"">Twitter Web App</a>","@FundacionCBG @CDRaCa @PeligrosFS Nos nominaron nuestros amigos de @FundacionCBG
 y presentamos nuestro 7 titular f‚Ä¶ https://t.co/F18zVA5isI","es","0","11","BmMaracena","","FundacionCBG, CDRaCa, PeligrosFS, FundacionCBG"
"1245803353302609928","Thu Apr 02 20:00:39 +0000 2020","<a href=""http://twitter.com/download/android"" rel=""nofollow"">Twitter for Android</a>","RT @SilviaSanz_: S√°nchez al Gob. del PP (2014) por una infectada y un perro sacrificado: ""Desverg√ºenza, desamparo, desgobierno, desinformac‚Ä¶","es","0","171","iepedro20m19001","","SilviaSanz_"
"1245803344855207936","Thu Apr 02 20:00:37 +0000 2020","<a href=""http://twitter.com/download/android"" rel=""nofollow"">Twitter for Android</a>","#Covid_19 ‚ò£Ô∏è #Restricci√≥n #Vehicular
#LagoPuelo RN40 P42¬∞
Subsec de Seg Vial | #APSV
Polic√≠a del #Chubut
Defensa‚Ä¶ https://t.co/M3Zva4DjKP","es","0","7","APSVChubut","Covid_19, Restricci√≥n, Vehicular, LagoPuelo, APSV, Chubut",""
"1245803335942393857","Thu Apr 02 20:00:35 +0000 2020","<a href=""http://twitter.com/download/iphone"" rel=""nofollow"">Twitter for iPhone</a>","RT @planwac: Expresidente de #Colombia Juan Manuel Santos dice que un alto oficial militar muri√≥ de #Coronavirus.

Gobierno actual (subpres‚Ä¶","es","0","0","lourdes_cris","Colombia, Coronavirus","planwac"
"1245803327901835265","Thu Apr 02 20:00:33 +0000 2020","<a href=""http://twitter.com/download/android"" rel=""nofollow"">Twitter for Android</a>","RT @RonaldKiller3: Oigan  #Bienvenidos13
Que este no es su entrevistado de ayer el
"" moribundo ""
del covid-19 ?
Una mierda el weon y uds‚Ä¶","es","0","71","daalfiri","Bienvenidos13","RonaldKiller3"
"1245803319748165632","Thu Apr 02 20:00:31 +0000 2020","<a href=""http://twitter.com/download/android"" rel=""nofollow"">Twitter for Android</a>","RT @oriolmitja: .@openarms_fund se une a nuestro equipo para llegar a las residencias de ancianos.
La OMS ha pedido que los ensayos cl√≠nic‚Ä¶","es","0","3","ItaCarbonell","","oriolmitja, openarms_fund"
"1245803311296585734","Thu Apr 02 20:00:29 +0000 2020","<a href=""http://twitter.com/download/android"" rel=""nofollow"">Twitter for Android</a>","RT @FisicoImpuro: Pudieron ocultar 10.000 falsos positivos donde la log√≠stica era INCRE√çBLE: camiones para transportar a las v√≠ctimas, camu‚Ä¶","es","0","115","Rodrigoecamargo","","FisicoImpuro"
"1245803302727503875","Thu Apr 02 20:00:27 +0000 2020","<a href=""http://twitter.com/download/android"" rel=""nofollow"">Twitter for Android</a>","RT @SoldeTlaxcala: [Video] La importancia del jab√≥n para evitar la transmisi√≥n del coronavirus

M√°s Informaci√≥n aqu√≠ ‚û° https://t.co/e1YLoeY‚Ä¶","es","0","14","alexlimboleon","","SoldeTlaxcala"
"1245803294481678336","Thu Apr 02 20:00:25 +0000 2020","<a href=""http://mvilla.it/fenix"" rel=""nofollow"">Fenix 2</a>","¬øPero no dice un estudio que s√≥lo en Espa√±a hay 7 millones? ü§î #CoronavirusEspa√±a #Coronavirus #Covid_19 https://t.co/nvj2BY0u5L","es","0","674","Daevisd","CoronavirusEspa√±a, Coronavirus, Covid_19",""
"1245803285749157888","Thu Apr 02 20:00:23 +0000 2020","<a href=""http://twitter.com/download/iphone"" rel=""nofollow"">Twitter for iPhone</a>","RT @lucas___marco: √âste es el doctor Drake Ramoray, licenciado en epidemiologia, actualmente, se encuentra trabajando en una cura contra el‚Ä¶","es","0","7","CharoNarvaiz","","lucas___marco"
"1245803277763084288","Thu Apr 02 20:00:21 +0000 2020","<a href=""http://twitter.com/download/android"" rel=""nofollow"">Twitter for Android</a>","RT @gorka_orive: Una cabina para hacer test r√°pidos frente al #COVID19 en Corea del Sur. Un dise√±o que permite a los sanitarios tomar muest‚Ä¶","es","0","1","RamosC07","COVID19","gorka_orive"
"1245803268741054466","Thu Apr 02 20:00:19 +0000 2020","<a href=""http://www.socialbakers.com/"" rel=""nofollow"">Socialbakers</a>","La lucha contra el #coronavirus nos ha tra√≠do a este momento donde m√°s que nunca requerimos la participaci√≥n de tod‚Ä¶ https://t.co/F6N4C09Gub","es","0","6","GobiernoJalisco","coronavirus",""
"1245803261057171457","Thu Apr 02 20:00:17 +0000 2020","<a href=""http://twitter.com/download/android"" rel=""nofollow"">Twitter for Android</a>","RT @SitaPao_: En Temuco alguien vender√° una mascarilla n95, trabajo en el hospital de temuco , no tengo y me.ooeraron de c√°ncer hace 21 d√≠a‚Ä¶","es","0","5","iduboy","","SitaPao_"
"1245803252454699009","Thu Apr 02 20:00:15 +0000 2020","<a href=""http://twitter.com/download/android"" rel=""nofollow"">Twitter for Android</a>","RT @jaarreaza: No es de extra√±ar esta reacci√≥n del gobierno alem√°n. Hace a√±os que entreg√≥ su pol√≠tica exterior a Washington. En vez de enfo‚Ä¶","es","0","19","VillamizarEder","","jaarreaza"
"1245803244141580288","Thu Apr 02 20:00:13 +0000 2020","<a href=""http://twitter.com/download/android"" rel=""nofollow"">Twitter for Android</a>","RT @EnMediatica: #An√°lisismedi√°tico ll El gobierno de #Ecuador y algunos asamble√≠stas acusan a los medios de comunicaci√≥n internacionales d‚Ä¶","es","0","1037","ecudvenegas","An√°lisismedi√°tico, Ecuador","EnMediatica"
"1245803235853533184","Thu Apr 02 20:00:11 +0000 2020","<a href=""http://twitter.com/download/android"" rel=""nofollow"">Twitter for Android</a>","RT @ElSudcalif: #Covid19mx #CaboSanLucas #Turismo | M√°s de 160 hoteles cerrar√°n sus puertas en #LosCabos &gt; https://t.co/eNvrgpBDRt https://‚Ä¶","es","0","57","ElSoldeSnJuan","Covid19mx, CaboSanLucas, Turismo, LosCabos","ElSudcalif"
"1245803227217629184","Thu Apr 02 20:00:09 +0000 2020","<a href=""http://twitter.com/download/android"" rel=""nofollow"">Twitter for Android</a>","RT @FinisimaPersona: Mi gente, POR FAVOR escuchen a las personas que est√°n en el frente de batalla de esta lucha contra el COVID-19. Las de‚Ä¶","es","0","295","Javryu","","FinisimaPersona"
"1245803219017662464","Thu Apr 02 20:00:07 +0000 2020","<a href=""http://twitter.com/download/android"" rel=""nofollow"">Twitter for Android</a>","RT @DeniseMaerker: Guayaquil, Ecuador, no sabe qu√© hacer con los muertos por el #covid19; los hospitales est√°n colapsados

La gente tampo‚Ä¶","es","0","19","marinaroval","covid19","DeniseMaerker"
"1245796189544595463","Thu Apr 02 19:32:12 +0000 2020","<a href=""http://twitter.com/download/android"" rel=""nofollow"">Twitter for Android</a>","RT @Juan_Florez: Qu√© bofetada a Bogot√° que en emergencia social por #coronavirus cuando necesitamos m√°s recursos para ayudar a los ciudadan‚Ä¶","es","0","0","JonathanGA317","coronavirus","Juan_Florez"
"1245796184872095744","Thu Apr 02 19:32:10 +0000 2020","<a href=""http://twitter.com/download/android"" rel=""nofollow"">Twitter for Android</a>","RT @Milofas: Dos fallecidos por covid-19 vs 4 por negligencia m√©dica.

Juzgue usted.","es","0","14","ZaFaDo72","","Milofas"
"1245796176496123907","Thu Apr 02 19:32:08 +0000 2020","<a href=""http://twitter.com/download/android"" rel=""nofollow"">Twitter for Android</a>","RT @Redi_andes: #01ABR20 || @Redi_andes, @VTVcanal8. Habitantes de la parroquia el Llano del municipio Libertador del estado M√©rida, se ape‚Ä¶","es","0","88","GNBtachiraD215","01ABR20","Redi_andes, Redi_andes, VTVcanal8"
"1245796167876857859","Thu Apr 02 19:32:06 +0000 2020","<a href=""http://twitter.com/download/android"" rel=""nofollow"">Twitter for Android</a>","RT @EstherGilJoe: Debido a la crisis del COVID-19 el tel√©fono de la esperanza ha puesto en marcha un servicio de asesoramiento e intervenci‚Ä¶","es","0","1152","CarmenCdC","","EstherGilJoe"
"1245796160050167808","Thu Apr 02 19:32:04 +0000 2020","<a href=""http://twitter.com/download/android"" rel=""nofollow"">Twitter for Android</a>","RT @CamiloPrietoVal: En las pr√≥ximas 36 horas el üåé superar√° 1.000.000 de casos confirmados de #COVID19. Hoy el virus nos recuerda nuestra f‚Ä¶","es","0","9","garciaalba10","COVID19","CamiloPrietoVal"
"1245796151149752322","Thu Apr 02 19:32:02 +0000 2020","<a href=""http://twitter.com/download/android"" rel=""nofollow"">Twitter for Android</a>","RT @JCarlos_Valerio: Africam Safari cerr√≥ sus puertas de manera temporal ante la contingencia por #Covid_19. Los animales son atendidos y a‚Ä¶","es","0","7","OlveraMarielle","Covid_19","JCarlos_Valerio"
"1245796142656491520","Thu Apr 02 19:32:00 +0000 2020","<a href=""https://mobile.twitter.com"" rel=""nofollow"">Twitter Web App</a>","RT @pelaofunk: Gracias a los esfuerzos de @min_ciencia @ctorrear @acouvecorrea @ministeriosalud y sus SEREMI y todos los colaboradores que‚Ä¶","es","0","1","dancarrill","","pelaofunk, min_ciencia, ctorrear, acouvecorrea, ministeriosalud"
"1245796134662156291","Thu Apr 02 19:31:58 +0000 2020","<a href=""http://twitter.com/download/iphone"" rel=""nofollow"">Twitter for iPhone</a>","RT @SDAyR_GTO: Lugares, d√≠as y horarios de Expedici√≥n de Certificados Fitosanitarios Internacionales durante contingencia por COVID-19. htt‚Ä¶","es","0","103","MVZMariaJoseMtz","","SDAyR_GTO"
"1245796126047035393","Thu Apr 02 19:31:56 +0000 2020","<a href=""http://twitter.com/download/android"" rel=""nofollow"">Twitter for Android</a>","RT @BancoMundialLAC: üëâüèΩ ¬øC√≥mo apoya el @BancoMundial la respuesta de la regi√≥n frente a la #Covid19 (#Coronavirus)?
üëâüèΩ¬øCu√°les pa√≠ses latin‚Ä¶","es","0","49","Angelica_Zulove","Covid19, Coronavirus","BancoMundialLAC, BancoMundial"
"1245796118023344128","Thu Apr 02 19:31:54 +0000 2020","<a href=""http://twitter.com/download/android"" rel=""nofollow"">Twitter for Android</a>","RT @jaarreaza: No es de extra√±ar esta reacci√≥n del gobierno alem√°n. Hace a√±os que entreg√≥ su pol√≠tica exterior a Washington. En vez de enfo‚Ä¶","es","0","0","mayogabe","","jaarreaza"
"1245796109387214853","Thu Apr 02 19:31:52 +0000 2020","<a href=""http://twitter.com/download/iphone"" rel=""nofollow"">Twitter for iPhone</a>","RT @ElReyDecaro: Mis papas se dedican a la venta de comida.Hoy en d√≠a a consecuencia del #coronavirus sus ventas se han visto afectadas has‚Ä¶","es","0","34","vrmilo","coronavirus","ElReyDecaro"
"1245796101241872384","Thu Apr 02 19:31:50 +0000 2020","<a href=""http://twitter.com/download/android"" rel=""nofollow"">Twitter for Android</a>","RT @RYari060: #2Abr  ‚è©  #SigamosEnDisciplina El Ejecutivo Nacional contin√∫a evaluando las medidas de contenci√≥n para la ruptura de las cade‚Ä¶","es","3","1","2Lujano","2Abr, SigamosEnDisciplina","RYari060"
"1245796092874235905","Thu Apr 02 19:31:48 +0000 2020","<a href=""http://twitter.com/download/android"" rel=""nofollow"">Twitter for Android</a>","RT @Kosmitta: En la provincia de Biob√≠o, se descubri√≥ a 2 personas que no cumpl√≠an con la cuarentena que se les indic√≥ tras dar positivo po‚Ä¶","es","0","106","mari_linc","","Kosmitta"
"1245796084607266816","Thu Apr 02 19:31:46 +0000 2020","<a href=""http://twitter.com/download/android"" rel=""nofollow"">Twitter for Android</a>","RT @BAERVenezuela: #EnAlerta | #2Abr ¬°Un paso adelante del Covid-19! En el @Aeropuertobna de Barcelona se desarroll√≥ desinfecci√≥n en distin‚Ä¶","es","0","1","RosannaMonaco","EnAlerta, 2Abr","BAERVenezuela, Aeropuertobna"
"1245796076193558529","Thu Apr 02 19:31:44 +0000 2020","<a href=""http://twitter.com/download/android"" rel=""nofollow"">Twitter for Android</a>","RT @GNB_SucreGDP: #2Abr Trabajamos en cuatro etapas para enfrentar el Covid-19: la contenci√≥n, la ruptura de las cadenas de transmisi√≥n del‚Ä¶","es","0","2","GNB_LaGuaira452","2Abr","GNB_SucreGDP"
"1245796067548987394","Thu Apr 02 19:31:42 +0000 2020","<a href=""http://twitter.com/download/android"" rel=""nofollow"">Twitter for Android</a>","RT @juralde: Hoy, desde Unidas Podemos, hemos presentado denuncia ante la Fiscal√≠a General, por  la creaci√≥n y difusi√≥n de uno de los v√≠deo‚Ä¶","es","0","16","gonzalezmariaa1","","juralde"
"1245796059118546944","Thu Apr 02 19:31:40 +0000 2020","<a href=""https://mobile.twitter.com"" rel=""nofollow"">Twitter Web App</a>","RT @NAPAdbz94: DIFUSI√ìN POR FAVOR, @dentix_es no paga el mes a ninguno de sus empleados,pese haber ido a trabajar en pleno estado de alarma‚Ä¶","es","0","1","Javibestia","","NAPAdbz94, dentix_es"
"1245796050931245057","Thu Apr 02 19:31:38 +0000 2020","<a href=""https://mobile.twitter.com"" rel=""nofollow"">Twitter Web App</a>","RT @SaludCampeche: Es momento de #Qu√©dateEnCasaCampeche como medida de control para evitar aumento de contagios por #COVID19 en el estado.‚Ä¶","es","0","0","tsuky_santos","Qu√©dateEnCasaCampeche, COVID19","SaludCampeche"
"1245796042538393600","Thu Apr 02 19:31:36 +0000 2020","<a href=""http://twitter.com/download/iphone"" rel=""nofollow"">Twitter for iPhone</a>","RT @astursalud: Hoy nos llevamos una enorme alegr√≠a üéä El Hospital Universitario San Agust√≠n de Avil√©s ha dado el primer alta a una paciente‚Ä¶","es","0","20","torreuria","","astursalud"
"1245796034258878465","Thu Apr 02 19:31:34 +0000 2020","<a href=""http://twitter.com/download/iphone"" rel=""nofollow"">Twitter for iPhone</a>","RT @ghitis: No Doctor, el examen del COVID-19 es por la nariz. https://t.co/KHp1p4h0ZO","es","0","199","RenaldoRicardo","","ghitis"
"1245796025798922240","Thu Apr 02 19:31:32 +0000 2020","<a href=""http://twitter.com/download/android"" rel=""nofollow"">Twitter for Android</a>","RT @aracalacana: Google lista sus iniciativas y alianzas -con organizaciones de verificaci√≥n del discurso p√∫blico, con medios de comunicaci‚Ä¶","es","0","2","trabajador1070","","aracalacana"
"1245796017225818112","Thu Apr 02 19:31:30 +0000 2020","<a href=""http://twitter.com/download/iphone"" rel=""nofollow"">Twitter for iPhone</a>","RT @bettycriticonaa: BUENA NOTICIA
‚Ä¢ Difundan por favor
‚Ä¢ Corea del Sur, pa√≠s que logr√≥ frenar la curva en casos COVID-19 apoyar√° a Colomb‚Ä¶","es","0","53","AngelnJorge","","bettycriticonaa"
"1245796007763460097","Thu Apr 02 19:31:28 +0000 2020","<a href=""http://twitter.com/download/iphone"" rel=""nofollow"">Twitter for iPhone</a>","#LaUni√≥n Alcaldes de este departamento se reunieron en Pasaquina, para abordar temas sobre #COVID19 y el apoyo a la‚Ä¶ https://t.co/8LuZdJSGAt","es","0","384","ITRnoticias1","LaUni√≥n, COVID19",""
"1245796000700051456","Thu Apr 02 19:31:26 +0000 2020","<a href=""http://twitter.com/download/android"" rel=""nofollow"">Twitter for Android</a>","RT @SSalud_mx: Sigue las recomendaciones de @SusanaDistancia y #L√°vateLasManos üí¶üß¥üôåüèº Inf√≥rmate sobre el #Coronavirus #COVID19 en https://t.c‚Ä¶","es","0","654","kazukihega","L√°vateLasManos, Coronavirus, COVID19","SSalud_mx, SusanaDistancia"
"1245795992324145160","Thu Apr 02 19:31:24 +0000 2020","<a href=""http://twitter.com/download/android"" rel=""nofollow"">Twitter for Android</a>","#Madrid desde Gran V√≠a. Parece un pueblo con el aire limpio, como dice @Pasepernocta #coronavirus https://t.co/aZNuuzvFm9","es","0","0","Poves","Madrid, coronavirus","Pasepernocta"
"1245795983721725953","Thu Apr 02 19:31:22 +0000 2020","<a href=""http://twitter.com/download/android"" rel=""nofollow"">Twitter for Android</a>","RT @CNNChile: Ma√±alich explic√≥ el gasto de $400 millones en ‚Äúasesor√≠a creativa‚Äù para campa√±a por el COVID-19 https://t.co/83JWyK3yKe https:‚Ä¶","es","0","1","pelelepato","","CNNChile"
"1245795975446384641","Thu Apr 02 19:31:20 +0000 2020","<a href=""http://twitter.com/download/iphone"" rel=""nofollow"">Twitter for iPhone</a>","@Demostenes_eu Vaya TITULAR üò° ,el problema es que la gente no lee la noticia!
El titular le da por encabronarse y‚Ä¶ https://t.co/uk7ZfZdvea","es","0","7","LoliAlfonso","","Demostenes_eu"
"1245795967057747970","Thu Apr 02 19:31:18 +0000 2020","<a href=""http://twitter.com/download/android"" rel=""nofollow"">Twitter for Android</a>","RT @SENAComunica: #SomosSENA Ventilaci√≥n mec√°nica, derivador de flujo, uniformes de protecci√≥n, aerosol box y m√°scaras faciales o caretas s‚Ä¶","es","0","374","ANDRESMO58","SomosSENA","SENAComunica"
"1245795958778138624","Thu Apr 02 19:31:16 +0000 2020","<a href=""http://twitter.com/download/android"" rel=""nofollow"">Twitter for Android</a>","RT @Vacceablanca: #LaCorrupcionNosDestruye
#YoMeQuedoEnCasa

La fuerza de un estado est√° en proporcionar a sus ciudadanos recursos que per‚Ä¶","es","0","0","CsarGallardolv1","LaCorrupcionNosDestruye, YoMeQuedoEnCasa","Vacceablanca"
"1245795950108557315","Thu Apr 02 19:31:14 +0000 2020","<a href=""http://twitter.com/download/android"" rel=""nofollow"">Twitter for Android</a>","RT @Garcete09: SE√ëORES, HE VENCIDO AL COVID-19!!! Dios es fiel!!","es","0","9","cuquitaonate","","Garcete09"
"1245811158923304963","Thu Apr 02 20:31:40 +0000 2020","<a href=""http://twitter.com/download/iphone"" rel=""nofollow"">Twitter for iPhone</a>","RT @voiceofcanf: Esta es la realidad de los cubanos en un centro de aislamiento por Covid-19 Mientras el #R√©gimen exporta y lucra con sus m‚Ä¶","es","0","333","vmdiaz58","R√©gimen","voiceofcanf"
"1245811150291419138","Thu Apr 02 20:31:38 +0000 2020","<a href=""http://twitter.com/download/iphone"" rel=""nofollow"">Twitter for iPhone</a>","RT @SeremiMineraVal: Seremi @LeopoldoBerton explica medidas adoptadas en la Regi√≥n de Valpara√≠so para resguardar a los trabajadores del sec‚Ä¶","es","0","0","CoordinacinPol2","","SeremiMineraVal, LeopoldoBerton"
"1245811142087323648","Thu Apr 02 20:31:36 +0000 2020","<a href=""http://twitter.com/download/android"" rel=""nofollow"">Twitter for Android</a>","RT @Ernesto1931: @CancilleriaEc @el_telegrafo @lahoraecuador @PublicaFM @fmmundo @radiosonorama @eluniversocom @Expresoec Nojooooda, ese go‚Ä¶","es","0","45","elaide57","","Ernesto1931, CancilleriaEc, el_telegrafo, lahoraecuador, PublicaFM, fmmundo, radiosonorama, eluniversocom, Expresoec"
"1245811133220556801","Thu Apr 02 20:31:34 +0000 2020","<a href=""https://mobile.twitter.com"" rel=""nofollow"">Twitter Web App</a>","#Nacional INAI pide proteger datos personales de pacientes con COVID-19

M√°s informaci√≥n‚§µÔ∏è
https://t.co/h5gdsSVICb https://t.co/iVzONMbng0","es","0","1","Edomex_com","Nacional",""
"1245811125255536640","Thu Apr 02 20:31:32 +0000 2020","<a href=""http://twitter.com/download/android"" rel=""nofollow"">Twitter for Android</a>","RT @CorposervicaCcs: La prevenci√≥n es tarea de todos ¬°Qu√©date en casa! #2Abr #COVID„Éº19 #Covid_19 #CuarentenaNacional #CuarentenaSocial #Cor‚Ä¶","es","1","0","rosabel34748328","2Abr, COVID„Éº19, Covid_19, CuarentenaNacional, CuarentenaSocial","CorposervicaCcs"
"1245811116850253824","Thu Apr 02 20:31:30 +0000 2020","<a href=""http://twitter.com/download/android"" rel=""nofollow"">Twitter for Android</a>","RT @vox_es: ‚≠ï En DIRECTO | @ivanedlm responde a las dudas de los espa√±oles sobre la crisis nacional del #COVID19 y el plan #ProtejamosEspa√±‚Ä¶","es","0","4","ruiz_lrdch75","COVID19","vox_es, ivanedlm"
"1245811108457394187","Thu Apr 02 20:31:28 +0000 2020","<a href=""http://twitter.com/download/android"" rel=""nofollow"">Twitter for Android</a>","RT @pedrommellinas: Dos sectores estrat√©gicos y que estaban ""dejados de la mano de Dios"", como la #Agricultura y la #Log√≠stica,  sosteniend‚Ä¶","es","0","35","SeteOliveros","Agricultura, Log√≠stica","pedrommellinas"
"1245811100207235073","Thu Apr 02 20:31:26 +0000 2020","<a href=""http://twitter.com/download/android"" rel=""nofollow"">Twitter for Android</a>","RT @VillaFernando_: Cuatro periodistas muertos y 14 aislados con s√≠ntomas de COVID-19 en Ecuador | Vistazo https://t.co/BlArvm6mFx","es","0","13","ElJorgeBsc","","VillaFernando_"
"1245811091814395907","Thu Apr 02 20:31:24 +0000 2020","<a href=""https://mobile.twitter.com"" rel=""nofollow"">Twitter Web App</a>","Claudia Sheinbaum Pardo, anunci√≥ que hasta la fecha se han entregado 148 kits de higiene y salud a igual n√∫mero de‚Ä¶ https://t.co/JlMn54YUoL","es","0","2","diariobasta","",""
"1245811083190902784","Thu Apr 02 20:31:22 +0000 2020","<a href=""http://twitter.com/download/iphone"" rel=""nofollow"">Twitter for iPhone</a>","RT @JorgeLondonoU: Hablamos con el ministro @ZeaNavarro, acerca de la importancia que debemos darle a los campesinos colombianos. Ellos son‚Ä¶","es","0","586","SenadoGovCo","","JorgeLondonoU, ZeaNavarro"
"1245811074957488144","Thu Apr 02 20:31:20 +0000 2020","<a href=""http://twitter.com/download/android"" rel=""nofollow"">Twitter for Android</a>","RT @jgalemparte: El doctor Paris. ¬øEl mismo que escondi√≥ la autopsia de Frei? ¬øEl mismo que en condena del caso fue sancionado ‚Äú√©ticamente‚Äù‚Ä¶","es","0","39","rsilva173","","jgalemparte"
"1245811066451476481","Thu Apr 02 20:31:18 +0000 2020","<a href=""http://twitter.com"" rel=""nofollow"">Twitter Web Client</a>","RT @jaarreaza: No es de extra√±ar esta reacci√≥n del gobierno alem√°n. Hace a√±os que entreg√≥ su pol√≠tica exterior a Washington. En vez de enfo‚Ä¶","es","0","477","Agustin_Patria","","jaarreaza"
"1245811057945427969","Thu Apr 02 20:31:16 +0000 2020","<a href=""http://twitter.com/download/android"" rel=""nofollow"">Twitter for Android</a>","RT @RTultimahora: √öLTIMA HORA: Un mill√≥n de personas, contagiadas con covid-19 en todo el mundo https://t.co/7oMrfPaIRG https://t.co/jNajIP‚Ä¶","es","0","356","Jlcambur","","RTultimahora"
"1245811049732825089","Thu Apr 02 20:31:14 +0000 2020","<a href=""http://twitter.com/download/iphone"" rel=""nofollow"">Twitter for iPhone</a>","RT @jgalemparte: El doctor Paris. ¬øEl mismo que escondi√≥ la autopsia de Frei? ¬øEl mismo que en condena del caso fue sancionado ‚Äú√©ticamente‚Äù‚Ä¶","es","0","44","Lespino03753163","","jgalemparte"
"1245811041478545408","Thu Apr 02 20:31:12 +0000 2020","<a href=""http://twitter.com/download/android"" rel=""nofollow"">Twitter for Android</a>","RT @D53sucre: No es Ecuador, esto es lo que pasa en las calles colombianas. Mientras @IvanDuque planea atacar a Venezuela su pueblo sigue m‚Ä¶","es","0","2","21Gaes","","D53sucre, IvanDuque"
"1245811032712458241","Thu Apr 02 20:31:10 +0000 2020","<a href=""http://twitter.com/download/android"" rel=""nofollow"">Twitter for Android</a>","RT @drasmartinez: Otro error del gobierno...y van...Ezeiza, la puerta que el Gobierno demor√≥ en cerrar y por donde ingres√≥ el coronavirus h‚Ä¶","es","0","0","rosanadeavella1","","drasmartinez"
"1245811024500076544","Thu Apr 02 20:31:08 +0000 2020","<a href=""http://twitter.com/download/android"" rel=""nofollow"">Twitter for Android</a>","RT @ActualidadRT: Ejercicios para ancianos en cuarentena

Un instructor deportivo imparte clases de gimnasia para que 50 residentes de un a‚Ä¶","es","0","5","KevinAgueroT","","ActualidadRT"
"1245811016203722754","Thu Apr 02 20:31:06 +0000 2020","<a href=""http://twitter.com/download/android"" rel=""nofollow"">Twitter for Android</a>","RT @gato_vasco: üî¥ UltimaHora üî¥

El Paro en datos:

‚è´+ 302.365 desempleados.

üîº- 833.979 cotizantes en marzo.

üîù+9,3%. Mayor repunte en cua‚Ä¶","es","0","56","rotwei77","","gato_vasco"
"1245811007886372875","Thu Apr 02 20:31:04 +0000 2020","<a href=""https://mobile.twitter.com"" rel=""nofollow"">Twitter Web App</a>","RT @ideiazabaldu: - Tienen que hacer frente al mismo riesgo, pero se prev√©n diferentes medidas para ellas.

- No tienen derecho a p√°rking n‚Ä¶","es","0","68","Inopiamientos","","ideiazabaldu"
"1245810999409676289","Thu Apr 02 20:31:02 +0000 2020","<a href=""http://twitter.com/download/iphone"" rel=""nofollow"">Twitter for iPhone</a>","RT @WelcomingATL: ¬øTiene s√≠ntomas de #COVID19? Si es as√≠, utiliza este gr√°fico para saber c√≥mo hacerte la prueba.

Visita https://t.co/egY‚Ä¶","es","0","9","CityofAtlanta","COVID19","WelcomingATL"
"1245810991000158208","Thu Apr 02 20:31:00 +0000 2020","<a href=""http://twitter.com/download/android"" rel=""nofollow"">Twitter for Android</a>","RT @SinlineaMx: ¬°Ag√°rrense! ‚ÄºÔ∏è
MORENA ya anunci√≥ que donar√° el 50% de sus prerrogativas y ya mand√≥ carta al INE, para que diga como regresa‚Ä¶","es","0","117","nusferatuzodd","","SinlineaMx"
"1245810982712160269","Thu Apr 02 20:30:58 +0000 2020","<a href=""http://twitter.com/download/iphone"" rel=""nofollow"">Twitter for iPhone</a>","RT @dw_espanol: Puntos d√©biles de la salud en M√©xico ante el COVID-19

‚ñ™Ô∏èPersonal sanitario expuesto por falta de material de protecci√≥n‚Ä¶","es","0","2163","bachtrax","","dw_espanol"
"1245810974151622656","Thu Apr 02 20:30:56 +0000 2020","<a href=""http://twitter.com/#!/download/ipad"" rel=""nofollow"">Twitter for iPad</a>","RT @CMonteroOficial: Aumento de contagios y morgues desbordadas, el drama de #Ecuador ante el #COVID19 https://t.co/4c1xlA2TZQ","es","0","0","sixtovasquezpar","Ecuador, COVID19","CMonteroOficial"
"1245810965947523078","Thu Apr 02 20:30:54 +0000 2020","<a href=""http://twitter.com/download/iphone"" rel=""nofollow"">Twitter for iPhone</a>","RT @IvanOntanedaB: Se trabaj√≥ con @AgriculturaEc y @ObrasPublicasEc en un nuevo corredor log√≠stico que permita el traslado de productos de‚Ä¶","es","0","0","CoronelKarolay","","IvanOntanedaB, AgriculturaEc, ObrasPublicasEc"
"1245810956988530688","Thu Apr 02 20:30:52 +0000 2020","<a href=""https://mobile.twitter.com"" rel=""nofollow"">Twitter Web App</a>","@briebriejoy Horrific. https://t.co/h4hwpflRsZ","es","0","81","PsycTea","","briebriejoy"
"1245810949170384896","Thu Apr 02 20:30:50 +0000 2020","<a href=""http://twitter.com/download/android"" rel=""nofollow"">Twitter for Android</a>","RT @martibatres: Muy bien. Morena ya anunci√≥ que donar√° el 50% de sus prerrogativas para la compra de equipo m√©dico.
Tienen la palabra los‚Ä¶","es","0","570","Isaias72439940","","martibatres"
"1245810940328771584","Thu Apr 02 20:30:48 +0000 2020","<a href=""http://twitter.com/download/iphone"" rel=""nofollow"">Twitter for iPhone</a>","RT @asensioji: Gaurkoan #Gipuzkoa lko udalekin #Koordinazioa eta #Elkarlana indartzeko aurrerapausoa eman da Aldunditik.

Imprescindible re‚Ä¶","es","0","29","BorinagaP","Gipuzkoa, Koordinazioa, Elkarlana","asensioji"
"1245810932443484160","Thu Apr 02 20:30:46 +0000 2020","<a href=""http://twitter.com/download/android"" rel=""nofollow"">Twitter for Android</a>","RT @YoSoyRasputin: En estos instantes la empresa de producci√≥n de Noticias CNN est√° descosiendo a Trump, Presidente de USA üá∫üá∏, por varias r‚Ä¶","es","0","0","juang44","","YoSoyRasputin"
"1245810923681525768","Thu Apr 02 20:30:44 +0000 2020","<a href=""http://twitter.com/download/android"" rel=""nofollow"">Twitter for Android</a>","RT @HINCAPIEDATOS: Hasta hoy (2 de abril) en 9 departamentos de Colombia a√∫n no se registra un solo caso de Covid-19:

üëâAmazonas
üëâArauca‚Ä¶","es","0","8","MarianitoMaria1","","HINCAPIEDATOS"
"1245810915397771266","Thu Apr 02 20:30:42 +0000 2020","<a href=""http://twitter.com/download/android"" rel=""nofollow"">Twitter for Android</a>","RT @sspyuc: A la sociedad yucateca: Las fuerzas federales, estatales y municipales de seguridad, iniciamos una campa√±a de concientizaci√≥n p‚Ä¶","es","0","140","CardRen","","sspyuc"
"1245803424396054529","Thu Apr 02 20:00:56 +0000 2020","<a href=""https://mobile.twitter.com"" rel=""nofollow"">Twitter Web App</a>","RT @ABCDigital: #CoronavirusPy üò∑¬°A usar tapabocas!

‚òùüèªLa Sociedad Paraguaya de Infectolog√≠a alienta a la utilizaci√≥n de mascarillas faciale‚Ä¶","es","0","73","IamnotMarilyn","CoronavirusPy","ABCDigital"
"1245803416233717760","Thu Apr 02 20:00:54 +0000 2020","<a href=""http://twitter.com/download/android"" rel=""nofollow"">Twitter for Android</a>","RT @AnderssonBoscan: Son 91 polic√≠as contagiados y 5 muertos por Covid-19. Todos murieron en servicio al pa√≠s, especialmente a Guayaquil.
A‚Ä¶","es","0","387","pablohr88","","AnderssonBoscan"
"1245803407769829376","Thu Apr 02 20:00:52 +0000 2020","<a href=""https://www.hootsuite.com"" rel=""nofollow"">Hootsuite Inc.</a>","Un modelo calcula los casos reales de COVID-19 #Ciencia https://t.co/AllLQxrEON https://t.co/yC04ySgjxy","es","0","31","ambientumcom","Ciencia",""
"1245803399393624064","Thu Apr 02 20:00:50 +0000 2020","<a href=""http://twitter.com/download/android"" rel=""nofollow"">Twitter for Android</a>","@Pemex Cuando piensa la administraci√≥n de Pemex. Apegarse al estado de derecho protegiendo a los trabajadores que t‚Ä¶ https://t.co/xLgnKAK4k4","es","0","0","PabloGonzlezGu4","","Pemex"
"1245803390451560451","Thu Apr 02 20:00:48 +0000 2020","<a href=""http://twitter.com/download/android"" rel=""nofollow"">Twitter for Android</a>","RT @pons_sabate: Soy de Barcelona, tengo 36 a√±os, tengo #ELA, y si me infecto del #COVID19 tengo un alto riesgo de morir. Quiero agradecer‚Ä¶","es","0","1","renee_erizo","ELA, COVID19","pons_sabate"
"1245803382570397702","Thu Apr 02 20:00:46 +0000 2020","<a href=""http://twitter.com/download/iphone"" rel=""nofollow"">Twitter for iPhone</a>","RT @lucas___marco: √âste es el doctor Drake Ramoray, licenciado en epidemiologia, actualmente, se encuentra trabajando en una cura contra el‚Ä¶","es","0","0","BelFerrari22","","lucas___marco"
"1245803374194409472","Thu Apr 02 20:00:44 +0000 2020","<a href=""https://www.hootsuite.com"" rel=""nofollow"">Hootsuite Inc.</a>","#NACIONAL Redes sociales, vitales ante pandemia del Covid-19

https://t.co/r57gztIcWO https://t.co/C33UFQPsI7","es","0","3","RRNoticiasqro","NACIONAL",""
"1245803365398990849","Thu Apr 02 20:00:42 +0000 2020","<a href=""http://twitter.com/download/android"" rel=""nofollow"">Twitter for Android</a>","RT @andres_jhonny4: No es Ecuador, esto es lo que pasa en las calles colombianas. Mientras @IvanDuque planea atacar a Venezuela su pueblo s‚Ä¶","es","0","19","JMRHuertas","","andres_jhonny4, IvanDuque"
"1245803357324873729","Thu Apr 02 20:00:40 +0000 2020","<a href=""https://mobile.twitter.com"" rel=""nofollow"">Twitter Web App</a>","RT @GemmaVillarroel: La @jcyl moviliza m√°s de 100 millones de euros para apoyar a las empresas de #CyL en tiempos de #Covid19

‚úÖ 16,6M = C‚Ä¶","es","0","30","Cs_Leon_","CyL, Covid19","GemmaVillarroel, jcyl"
"1245803349041176576","Thu Apr 02 20:00:38 +0000 2020","<a href=""http://twitter.com/download/iphone"" rel=""nofollow"">Twitter for iPhone</a>","RT @ingenieriared: (v√≠a @chcarribas + @alvac) Doble trabajo en la conservaci√≥n de carreteras en tiempos de COVID-19. Despu√©s de haber reali‚Ä¶","es","0","1","alvac","","ingenieriared, chcarribas, alvac"
"1245803340723884033","Thu Apr 02 20:00:36 +0000 2020","<a href=""http://twitter.com/download/android"" rel=""nofollow"">Twitter for Android</a>","RT @anagarciacarias: El Gobierno de @JuanOrlandoH envi√≥ al hospital Mario Catarino Rivas de #SPS, equipo de protecci√≥n personal para los  m‚Ä¶","es","0","13023","JuanCar47872307","SPS","anagarciacarias, JuanOrlandoH"
"1245803332347858944","Thu Apr 02 20:00:34 +0000 2020","<a href=""https://www.hootsuite.com"" rel=""nofollow"">Hootsuite Inc.</a>","Evoluci√≥n de las ventas en retail durante las fases de la pandemia.
https://t.co/xm2XLb3CCm

#HazMarketing #Retail #Coronavirus","es","0","1","RevistaNeo","HazMarketing, Retail, Coronavirus",""
"1245803323745349633","Thu Apr 02 20:00:32 +0000 2020","<a href=""http://twitter.com/download/android"" rel=""nofollow"">Twitter for Android</a>","RT @PresentesLGBT: üá¶üá∑ #Coronavirus En el hotel Gondol√≠n 46 trans resisten organizadas. Luz Aim√© D√≠az espera ah√≠ su juicio y cuenta sobre un‚Ä¶","es","0","0","mati_decla","Coronavirus","PresentesLGBT"
"1245803315293798409","Thu Apr 02 20:00:30 +0000 2020","<a href=""http://twitter.com/download/iphone"" rel=""nofollow"">Twitter for iPhone</a>","RT @sgdambrauskas: Gu√≠as europeas pedi√°tricas para el manejo de enfermer√≠a de pacientes con #COVID19

En espa√±ol
#PedsICU","es","0","94","vinha001","COVID19, PedsICU","sgdambrauskas"
"1245803307182030850","Thu Apr 02 20:00:28 +0000 2020","<a href=""http://twitter.com/download/android"" rel=""nofollow"">Twitter for Android</a>","RT @GNB_LaraGDP: #NOTICIA | Comisi√≥n Presidencial eval√∫a con expertos chinos mecanismos para combatir el Covid-19, buscamos soluciones al P‚Ä¶","es","0","16","mayela661","NOTICIA","GNB_LaraGDP"
"1245803298671788033","Thu Apr 02 20:00:26 +0000 2020","<a href=""http://twitter.com/download/android"" rel=""nofollow"">Twitter for Android</a>","RT @nuriapiera: Tras solicitud del Gobierno, Banco Mundial presta a RD US$150 MM para combatir COVID-19 https://t.co/9y2xhDvyi4 #NDigital h‚Ä¶","es","0","5","josegervalle","NDigital","nuriapiera"
"1245803290295701504","Thu Apr 02 20:00:24 +0000 2020","<a href=""http://twitter.com/download/iphone"" rel=""nofollow"">Twitter for iPhone</a>","Diputados y senadores del PSOE donar√°n parte de su n√≥mina a la lucha contra el coronavirus https://t.co/cSHOzA752t","es","0","1","guizegalvan","",""
"1245803281730994179","Thu Apr 02 20:00:22 +0000 2020","<a href=""https://mobile.twitter.com"" rel=""nofollow"">Twitter Web App</a>","RT @bbcmundo: El avi√≥n ruso con equipos m√©dicos aterriz√≥ este mi√©rcoles en el aeropuerto John F. Kennedy, en Nueva York, para ayudar a EE.U‚Ä¶","es","0","11","gem_mirri","","bbcmundo"
"1245803273531113474","Thu Apr 02 20:00:20 +0000 2020","<a href=""http://twitter.com/#!/download/ipad"" rel=""nofollow"">Twitter for iPad</a>","RT @CarlosAlvQ: Necesitamos hacer un esfuerzo excepcional para quedarnos en casa y aplanar la curva del #COVID19. Tenemos que evitar la sat‚Ä¶","es","0","2194","CarballoBea","COVID19","CarlosAlvQ"
"1245803264911835138","Thu Apr 02 20:00:18 +0000 2020","<a href=""http://twitter.com/download/android"" rel=""nofollow"">Twitter for Android</a>","RT @andreapetro91: Para todas las personas que arremeten contra petro por exagerar y provocar p√°nico en la gente...Espero de todo coraz√≥n q‚Ä¶","es","0","1760","chernandez12345","","andreapetro91"
"1245803256556720131","Thu Apr 02 20:00:16 +0000 2020","<a href=""https://mobile.twitter.com"" rel=""nofollow"">Twitter Web App</a>","RT @cristiancrespoj: El mundo no habla de otra cosa que de la pandemia del #coronavirus, los infectados aumentan, los fallecidos aumentan,‚Ä¶","es","0","5","BENJAMINCARACAS","coronavirus","cristiancrespoj"
"1245803248344326145","Thu Apr 02 20:00:14 +0000 2020","<a href=""http://twitter.com/download/android"" rel=""nofollow"">Twitter for Android</a>","RT @LMRRelsalvador: Otra muerte aparentemente por negligencia. Una cosa son los fallecimientos como consecuencia del COVID-19 (Dios nos ayu‚Ä¶","es","0","149","robesmahan","","LMRRelsalvador"
"1245803239942926336","Thu Apr 02 20:00:12 +0000 2020","<a href=""http://twitter.com/download/android"" rel=""nofollow"">Twitter for Android</a>","RT @Alexand31693342: @invntario Entre el @Granma_Digital dici√©ndonos brutos ignorantes y @PortalCubaSi y @ETECSA_Cuba mercenaruis. No me qu‚Ä¶","es","0","156","anita_adry","","Alexand31693342, invntario, Granma_Digital, PortalCubaSi, ETECSA_Cuba"
"1245803231353192448","Thu Apr 02 20:00:10 +0000 2020","<a href=""http://twitter.com/download/android"" rel=""nofollow"">Twitter for Android</a>","RT @revistaetcetera: Como parte de las medidas implementadas por @Televisa en materia de responsabilidad social, y en este caso, ante la si‚Ä¶","es","0","0","MyriaRobles","","revistaetcetera, Televisa"
"1245803222926835714","Thu Apr 02 20:00:08 +0000 2020","<a href=""http://twitter.com/download/android"" rel=""nofollow"">Twitter for Android</a>","RT @ElpremaArturo: El presidente del banco Santander falleci√≥ a consecuencia del covid-19. Su hija expres√≥ "" somos adinerados, pero mi pap√°‚Ä¶","es","0","2","Fer_2897","","ElpremaArturo"